No,Fn,k,o,݂̎s,Link
1,kCcSΕʒ,42.7955555,140.9347222,kCΕʒ,
2,kCcSɒ,42.8583333,140.8841666,kCɒ,
3,kCS[,44.4811111,142.3430555,kC[,
4,kCLS,42.4975,143.2788888,kC,
5,XkÌySߓc,40.7588888,140.4286111,Xߓc,
6,XkS\acΒ,40.5863888,141.1088888,X\acs,
7,茧s,39.7019444,141.1541666,茧s,
8,茧_S_,39.1166666,141.0697222,茧Bs,
9,茧ɌS,39.8430555,141.7966666,茧,
10,{錧Ίs,38.4280555,141.3061111,{錧Ίs,
11,{錧cSPh,37.9930555,140.4416666,{錧Ph,
12,HckHcSXg,40.1183333,140.3813888,HckHcs,
13,HckSZ,39.4211111,140.5438888,Hc,
14,R`s,38.1077777,140.0405555,R`s,
15,R`RS쒬,38.4266666,140.1477777,R`쒬,
16,R`OCSV,39.0147222,139.9075,R`V
17,R`OCS,38.9711111,139.9425,R`cs
18,SRs,37.4005555,140.3597222,SRs
19,ÌS,37.3486111,139.3158333,
20,͌S,37.1419444,140.1552777,
21,錧yYs,36.0719444,140.1961111,錧yYs
22,錧vSq,36.7680555,140.3552777,錧q
23,Ȗ،FSΖؒ,36.5322222,140.1875,Ȗ،Ζؒ
24,Ȗ،ߐ{SGR,36.6569444,140.1516666,Ȗ،ߐ{GRs
25,QnOs,36.3891666,139.0636111,QnOs
26,QnÊySÊy,36.2430555,138.9219444,QnÊy
27,ʌ{s,36.1313888,139.6019444,ʌ{s
28,ʌ嗢S񋏒,36.1183333,139.1930555,ʌ񋏒
29,ʌkʌSkӒ,36.1902777,139.6616666,ʌ{s
30,ts,35.8977777,140.4991666,ts
31,tS쒬,35.8475,140.6036111,ts
32,snc,35.7105555,139.8016666,snc
33,ss,35.6713888,139.395,ss
34,_ސ쌧쑫s,35.3205555,139.1,_ސ쌧쑫s
35,_ސ쌧bS쑺,35.4827777,139.2761111,_ސ쌧쑺
36,VLhs,37.9163888,139.2188888,VVs
37,VkSo,37.2302777,138.9616666,Vs
38,VSÓ쒬,37.0141666,138.6525,VÓ쒬
39,xRs,36.8736111,137.4491666,xRs
40,xRvgs,36.6475,136.9622222,xRvgs
41,xRVSP,36.9336111,137.5022222,xRP
42,xRvgS쒬,36.5775,136.9858333,xRvgs
43,ΐ쌧s,36.4086111,136.4455555,ΐ쌧s
44,ΐ쌧֓s,37.3905555,136.8991666,ΐ쌧֓s
45,ΐ쌧ΐS쒬,36.4908333,136.4922222,ΐ쌧Rs
46,䌧s,35.9805555,136.4875,䌧s
47,䌧~S㒆,35.4619444,135.8569444,䌧ዷ
48,RksS,35.7602777,138.9402777,R
49,쌧ɓߌS֒,35.915,137.9819444,쌧֒
50,쌧ؑ]Sؑ],35.8497222,137.6983333,쌧ؑ]
51,쌧܌S䍂,36.3383333,137.8863888,쌧ܖs
52,쌧܌SLȒ,36.2980555,137.9069444,쌧ܖs
53,쌧}SȒ,36.3558333,137.9291666,쌧ܖs
54,򕌌_s,35.3594444,136.6127777,򕌌_s
55,򕌌CÌSCÒ,35.2205555,136.6366666,򕌌CÎs
56,򕌌SS,35.7486111,136.9644444,򕌌Ss
57,򕌌vcSn,35.8711111,137.1744444,򕌌Cs
58,ÉOs,35.1186111,138.9186111,ÉOs
59,ÉVs,34.8727777,137.8161111,Éls
60,ÉYS썪,34.9427777,138.0772222,Écs
61,ÉYS썪,35.0469444,138.0816666,É썪{
62,ÉYS{썪,35.1097222,138.1380555,É썪{
63,mΌS,35.2316666,137.3622222,mLcs
64,OdKS,35.0880555,136.6986111,OdKs
65,ꌧߍ]s,35.1283333,136.0980555,ꌧߍ]s
66,ꌧSbǒ,35.2041666,136.2613888,ꌧbǒ
67,ꌧcSČ,35.3152777,136.2838888,ꌧČs
68,ꌧS}Lm,35.4644444,136.0397222,ꌧs
69,s{kKcSR,35.2725,135.5511111,s{Os
70,{㋷Rs,34.5036111,135.5555555,{㋷Rs
71,ɌLs,35.5444444,134.82,ɌLs
72,ɌԕSS,34.8736111,134.3561111,ɌS
73,ɌIS풬,35.1527777,134.445,Ɍs
74,ޗǌgSV쑺,34.2419444,135.8552777,ޗǌV쑺
75,a̎RSR,33.9822222,135.3669444,a̎R쒬
76,挧S],35.4530555,133.4191666,挧Ďqs
77,]s,35.4680555,133.0486111,]s
78,WqS],34.9583333,132.3352777,]Îs
79,SØa쒬,34.4669444,131.7730555,Øa쒬
80,RRs,34.655,133.9197222,RRs
81,RϓcSΒ,35.1780555,134.0544444,RÎRs
82,LLs,34.3852777,132.4552777,LLs
83,LLs,34.4269444,132.7436111,LLs
84,RRs,34.1783333,131.4738888,RRs
85,Rs,34.4080555,131.3991666,Rs
86,s,34.0702777,134.5547222,s
87,쌧xSZ,34.1922222,133.8413888,쌧܂̂
88,Qs,33.9197222,133.1811111,Qs
89,ms,32.9916666,132.9338888,ml\s
90,mS{R,33.7569444,133.5916666,m{R
91,mSL,33.7641666,133.6641666,mL
92,mySy,33.7375,133.5325,my
93,myS쑺,33.7836111,133.4666666,m쑺
94,myS{쑺,33.7255555,133.3077777,m̒
95,mS,33.3919444,132.9269444,m
96,mS\a,33.2336111,132.8533333,ml\
97,s,33.1630555,130.4061111,s
98,Ö؎s,33.4233333,130.6655555,qs
99,ꌧs,33.2633333,130.3008333,ꌧs
100,ꌧSxm,33.3736111,130.2080555,ꌧs
101,ꌧ_S_钬,33.3108333,130.3730555,ꌧ_s
102,茧s,32.7880555,130.3705555,茧s
103,F{F{s,32.8033333,130.7080555,F{F{s
104,F{hS,32.8255555,131.0819444,F{숢h
105,F{vSÓ,32.74,130.7572222,F{Ó
106,F{vS,32.685,130.99,F{Rs
107,啪cs,33.3211111,130.9413888,啪cs
108,啪|cs,32.9730555,131.3983333,啪|cs
109,啪SOd,32.9780555,131.585,啪Ls
110,啪ьSR,33.4025,131.0416666,啪Îs
111,{茧s,32.5822222,131.665,{茧s
112,{茧S,31.9991666,131.2530555,{茧
113,KhSJ,31.2036111,130.5377777,whs
114,ӌSӒ,31.3913888,130.3936111,Bs
115,ꌧKSʏ鑺,26.1444444,127.7669444,ꌧs
